PK;NOMBRE;DESCRIPCION-ENTIDAD;HORARIO;EQUIPAMIENTO;TRANSPORTE;DESCRIPCION;ACCESIBILIDAD;CONTENT-URL;NOMBRE-VIA;CLASE-VIAL;TIPO-NUM;NUM;PLANTA;PUERTA;ESCALERAS;ORIENTACION;LOCALIDAD;PROVINCIA;CODIGO-POSTAL;BARRIO;DISTRITO;COORDENADA-X;COORDENADA-Y;LATITUD;LONGITUD;TELEFONO;FAX;EMAIL;TIPO;
58241;"Escuela infantil municipal Agua Dulce";"";"";"Horario ampliado. Comedor.";"BUS: 44 , 128";"ENSEÑANZA: Educación Infantil (Primer Ciclo)";"0";"http://www.madrid.es/sites/v/index.jsp?vgnextchannel=bfa48ab43d6bb410VgnVCM100000171f5a0aRCRD&vgnextoid=2b0e8ed67151c010VgnVCM2000000c205a0aRCRD";"LEÑEROS";"CALLE";"NUM";"25";"";"";"";"";"MADRID";"MADRID";"28039";"BELLAS VISTAS";"TETUAN";"439852";"4478398";"40.45406088024461";"-3.7093713617566357";"914 594 049";"";"eiaguadulce@madrid.es";"/contenido/entidadesYorganismos/CentrosEducacion/EscuelasInfantilesPublicas"; 
4549323;"Escuela infantil municipal Altair";"";"";"";"BUS: 34, 117, 155";"ENSEÑANZA: Educación infantil (Primer ciclo)";"0";"http://www.madrid.es/sites/v/index.jsp?vgnextchannel=bfa48ab43d6bb410VgnVCM100000171f5a0aRCRD&vgnextoid=f1bdba525ad91110VgnVCM1000000b205a0aRCRD";"JOSE DE CADALSO";"CALLE";"V";"43";"";"";"";"";"MADRID";"MADRID";"28044";"LAS AGUILAS";"LATINA";"434748";"4470012";"40.37813189249392";"-3.7687005492302084";"917 652 101";"";"eialtair@madrid.es";"/contenido/entidadesYorganismos/CentrosEducacion/EscuelasInfantilesPublicas"; 
5299172;"Escuela infantil municipal Amanecer";"";"";"";"METRO: San Cipriano, Puerta de Arganda BUS: 4, 71, 100";"ENSEÑANZA: Educación infantil (Primer Ciclo).";"0";"http://www.madrid.es/sites/v/index.jsp?vgnextchannel=bfa48ab43d6bb410VgnVCM100000171f5a0aRCRD&vgnextoid=eccf1e73b1f90210VgnVCM1000000b205a0aRCRD";"TITANIO";"CALLE";"V";"7";"";"";"";"";"MADRID";"MADRID";"28032";"CASCO H.VICALVARO";"VICALVARO";"448997";"4472549";"40.40198995600377";"-3.6010443459563537";"917 765 069";"";"eiamanecer@madrid.es";"/contenido/entidadesYorganismos/CentrosEducacion/EscuelasInfantilesPublicas"; 
5633312;"Escuela infantil municipal Ana de Austria";"";"";"Educación de 0 a 3 años";"BUS: 172, 173";"ENSEÑANZA: Educación infantil (Primer ciclo)";"0";"http://www.madrid.es/sites/v/index.jsp?vgnextchannel=bfa48ab43d6bb410VgnVCM100000171f5a0aRCRD&vgnextoid=8d4006112d3b7210VgnVCM2000000c205a0aRCRD";"ANA DE AUSTRIA";"CALLE";"V";"32";"";"";"";"";"MADRID";"MADRID";"28050";"VALDEFUENTES";"HORTALEZA";"444433";"4482965";"40.49552153813781";"-3.655736850911649";"917 500 832";"";"eianadeaustria@madrid.es";"/contenido/entidadesYorganismos/CentrosEducacion/EscuelasInfantilesPublicas"; 
4724002;"Escuela infantil municipal Campanilla";"";"";"";"METRO: Alvarado BUS: 124, 128, 3, 64, 66,772, L1";"ENSEÑANZA: Educación infantil (Primer Ciclo)";"0";"http://www.madrid.es/sites/v/index.jsp?vgnextchannel=bfa48ab43d6bb410VgnVCM100000171f5a0aRCRD&vgnextoid=635e47123dc77110VgnVCM1000000b205a0aRCRD";"AVILA";"CALLE";"V";"4";"";"";"";"";"MADRID";"MADRID";"28020";"CUATRO CAMINOS";"TETUAN";"440475";"4478241";"40.452700492043";"-3.7019980764784606";"915 707 576";"";"eicampanilla@madrid.es";"/contenido/entidadesYorganismos/CentrosEducacion/EscuelasInfantilesPublicas"; 
5252087;"Escuela infantil municipal Cielo Azul";"";"";"Horario ampliado. Comedor.";"METRO: Valdebernardo BUS: 8, 71, 130";"ENSEÑANZA: Educación infantil (Primer Ciclo)";"0";"http://www.madrid.es/sites/v/index.jsp?vgnextchannel=bfa48ab43d6bb410VgnVCM100000171f5a0aRCRD&vgnextoid=a9a997bd1dd8f110VgnVCM1000000b205a0aRCRD";"INDALECIO PRIETO";"BULEVAR";"V";"16";"";"";"";"";"MADRID";"MADRID";"28032";"CASCO H.VICALVARO";"VICALVARO";"447288";"4472543";"40.40182039479394";"-3.6211941394147757";"917 720 849";"";"eicieloazul@madrid.es";"/contenido/entidadesYorganismos/CentrosEducacion/EscuelasInfantilesPublicas"; 
5633339;"Escuela infantil municipal Doña Francisquita";"";"";"Horario ampliado - Comedor";"BUS: 87";"ENSEÑANZA: Educación infantil (Primer ciclo)";"0";"http://www.madrid.es/sites/v/index.jsp?vgnextchannel=bfa48ab43d6bb410VgnVCM100000171f5a0aRCRD&vgnextoid=22fa44dd9d3b7210VgnVCM2000000c205a0aRCRD";"CAMBADOS";"CALLE";"V";"1";"";"";"";"";"MADRID";"MADRID";"28050";"VALDEFUENTES";"HORTALEZA";"446581";"4481079";"40.47868156347292";"-3.6302312847478593";"917 642 004";"";"eidonafrancisquita@madrid.es";"/contenido/entidadesYorganismos/CentrosEducacion/EscuelasInfantilesPublicas"; 
28779;"Escuela infantil municipal El Alba";"";"";"Horario ampliado. Comedor.";"METRO: Pirámides BUS: 18 , 23 , 34 , 35 , 36 , 116 , 118 , 119";"ENSEÑANZA: Educación infantil (Primer ciclo)";"0";"http://www.madrid.es/sites/v/index.jsp?vgnextchannel=bfa48ab43d6bb410VgnVCM100000171f5a0aRCRD&vgnextoid=0b41059cb751c010VgnVCM2000000c205a0aRCRD";"TOLEDO";"CALLE";"V";"181";"";"";"";"";"MADRID";"MADRID";"28005";"ACACIAS";"ARGANZUELA";"439454";"4472595";"40.4017650455756";"-3.713512276375299";"915 173 351";"";"eielalba@madrid.es";"/contenido/entidadesYorganismos/CentrosEducacion/EscuelasInfantilesPublicas"; 
5632719;"Escuela infantil municipal El Barberillo de Lavapiés";"";"";"Educación de 0 a 3 años";"METRO: Arganzuela-Planetario, Legazpi BUS: 8, 19, 45, 47, 59, 62, 76, 85, 86, 247";"ENSEÑANZA: Educación infantil (Primer ciclo)";"0";"http://www.madrid.es/sites/v/index.jsp?vgnextchannel=bfa48ab43d6bb410VgnVCM100000171f5a0aRCRD&vgnextoid=d96b9b6d163b7210VgnVCM2000000c205a0aRCRD";"GRANITO";"CALLE";"V";"32";"";"";"";"";"MADRID";"MADRID";"28045";"DELICIAS";"ARGANZUELA";"441428";"4471687";"40.39371756597044";"-3.6901560198197485";"910  739 659";"";"eibarberillolavapies@madrid.es";"/contenido/entidadesYorganismos/CentrosEducacion/EscuelasInfantilesPublicas"; 
5632789;"Escuela infantil municipal El Bateo";"";"";"Educación de 0 a 3 años";"METRO: El Capricho BUS: 101, 114, 115, 151";"ENSEÑANZA: Educación infantil (Primer ciclo)";"0";"http://www.madrid.es/sites/v/index.jsp?vgnextchannel=bfa48ab43d6bb410VgnVCM100000171f5a0aRCRD&vgnextoid=16ec2739d73b7210VgnVCM2000000c205a0aRCRD";"PINOS DE OSUNA";"CALLE";"V";"3";"";"";"";"";"MADRID";"MADRID";"28042";"ALAMEDA DE OSUNA";"BARAJAS";"449787";"4478001";"40.45115316018945";"-3.5921656725702142";"917 414 436";"";"eielbateo@madrid.es";"/contenido/entidadesYorganismos/CentrosEducacion/EscuelasInfantilesPublicas"; 
172970;"Escuela infantil municipal El Bosque";"";"";"Horario ampliado. Comedor.";"METRO: Palos de la Frontera BUS: 6 , 8 , 19 , 27 , 45 , 47 , 55 , 59 , 85 , 86 , 102 , 247 CERCANÍAS RENFE: Atocha";"ENSEÑANZA: Educación infantil (Primer ciclo)";"0";"http://www.madrid.es/sites/v/index.jsp?vgnextchannel=bfa48ab43d6bb410VgnVCM100000171f5a0aRCRD&vgnextoid=c40ce0e1f181c010VgnVCM1000000b205a0aRCRD";"DELICIAS";"CALLE";"V";"32";"";"";"";"";"MADRID";"MADRID";"28045";"PALOS DE MOGUER";"ARGANZUELA";"441090";"4473078";"40.4043520221113";"-3.695544214066272";"915 271 590";"";"eielbosque@madrid.es";"/contenido/entidadesYorganismos/CentrosEducacion/EscuelasInfantilesPublicas"; 
5633412;"Escuela infantil municipal El Caserío";"";"";"Educación de 0 a 3 años";"BUS: 310, 136, 10, 103";"ENSEÑANZA: Educación infantil (Primer ciclo)";"0";"http://www.madrid.es/sites/v/index.jsp?vgnextchannel=bfa48ab43d6bb410VgnVCM100000171f5a0aRCRD&vgnextoid=6b381ec1fe3b7210VgnVCM2000000c205a0aRCRD";"MARIA TERESA ROBLEDO";"CALLE";"V";"3";"";"";"";"";"MADRID";"MADRID";"28018";"PALOMERAS BAJAS";"PUENTE DE VALLECAS";"444170";"4470964";"40.3873926648154";"-3.6577856265450226";"913 808 654";"";"eielcaserio@madrid.es";"/contenido/entidadesYorganismos/CentrosEducacion/EscuelasInfantilesPublicas"; 
100359;"Escuela infantil municipal El Duende";"";"";"Horario ampliado. Comedor.";"METRO: Tribunal BUS: 3 , 21 , 40 , 147 , 149";"ENSEÑANZA: Educación infantil (Primer ciclo)";"0";"http://www.madrid.es/sites/v/index.jsp?vgnextchannel=bfa48ab43d6bb410VgnVCM100000171f5a0aRCRD&vgnextoid=db458899fc81c010VgnVCM1000000b205a0aRCRD";"DOS DE MAYO";"PLAZA";"V";"2";"";"";"";"";"MADRID";"MADRID";"28004";"UNIVERSIDAD";"CENTRO";"440234";"4475367";"40.42679288775549";"-3.7045815049836723";"915 235 187";"";"eielduende@madrid.es";"/contenido/entidadesYorganismos/CentrosEducacion/EscuelasInfantilesPublicas"; 
58242;"Escuela infantil municipal El Lirón";"";"";"Horario ampliado. Comedor. Planes de mejora.";"METRO: Artilleros BUS: 8 , 20 , 30 , 71 , 100";"ENSEÑANZA: Educación Infantil (Primer Ciclo)";"0";"http://www.madrid.es/sites/v/index.jsp?vgnextchannel=bfa48ab43d6bb410VgnVCM100000171f5a0aRCRD&vgnextoid=713e8ed67151c010VgnVCM2000000c205a0aRCRD";"PICO DE LOS ARTILLEROS";"CALLE";"V";"123";"";"";"";"";"MADRID";"MADRID";"28030";"FONTARRON";"MORATALAZ";"445474";"4472525";"40.40154142411511";"-3.642568350981219";"913 712 712";"";"eielliron@madrid.es";"/contenido/entidadesYorganismos/CentrosEducacion/EscuelasInfantilesPublicas"; 
4552951;"Escuela infantil municipal El Manantial";"";"";"Educación de 0 a 3 años";"METRO: Laguna BUS: 31 , 119 , 138 RENFE: Laguna";"ENSEÑANZA: Educación infantil (Primer ciclo)";"0";"http://www.madrid.es/sites/v/index.jsp?vgnextchannel=bfa48ab43d6bb410VgnVCM100000171f5a0aRCRD&vgnextoid=c1011d02d25d1110VgnVCM1000000b205a0aRCRD";"CARLOS FUENTES";"CALLE";"V";"2";"";"";"";"";"MADRID";"MADRID";"28047";"LOS CARMENES";"LATINA";"436850";"4472730";"40.40278783515925";"-3.7441981544259706";"914 640 597";"";"eielmanantial@madrid.es";"/contenido/entidadesYorganismos/CentrosEducacion/EscuelasInfantilesPublicas"; 
5981488;"Escuela infantil municipal El Olivar";"";"";"Horario ampliado Comedor";"METRO: Lavapiés, Antón Martín  BUS: M1, 6, 26, 32";"ENSEÑANZA: Educación infantil (Primer ciclo)";"0";"http://www.madrid.es/sites/v/index.jsp?vgnextchannel=bfa48ab43d6bb410VgnVCM100000171f5a0aRCRD&vgnextoid=b524df71cea7e210VgnVCM1000000b205a0aRCRD";"OLIVAR";"CALLE";"V";"48";"";"";"";"";"MADRID";"MADRID";"28012";"EMBAJADORES";"CENTRO";"440476";"4473453";"40.40955901220526";"-3.7015495991222993";"915 306 631";"";"eielolivar@madrid.es";"/contenido/entidadesYorganismos/CentrosEducacion/EscuelasInfantilesPublicas"; 
5072;"Escuela infantil municipal El Rocío";"";"";"Horario ampliado. Comedor.";"Bus: 131, 22, 86, 130  Renfe: Puente Alcocer";"ENSEÑANZA: Educación infantil (Primer Ciclo)";"0";"http://www.madrid.es/sites/v/index.jsp?vgnextchannel=bfa48ab43d6bb410VgnVCM100000171f5a0aRCRD&vgnextoid=6fad13db5b71c010VgnVCM1000000b205a0aRCRD";"CARABANCHEL A VILLAVERDE";"CARRETERA";"V";"107";"";"";"";"";"MADRID";"MADRID";"28041";"SAN ANDRES";"VILLAVERDE";"439987";"4466953";"40.3509775884553";"-3.7066886127927585";"911 344 949";"";"eielrocio@madrid.es";"/contenido/entidadesYorganismos/CentrosEducacion/EscuelasInfantilesPublicas"; 
5039;"Escuela infantil municipal El Sol";"";"";"Horario ampliado. Comedor.";"BUS: 7 , 11 , 40 , 52";"ENSEÑANZA: Educación infantil (Primer Ciclo)";"0";"http://www.madrid.es/sites/v/index.jsp?vgnextchannel=bfa48ab43d6bb410VgnVCM100000171f5a0aRCRD&vgnextoid=afaea4ea6871c010VgnVCM1000000b205a0aRCRD";"ENRIQUE JARDIEL PONCELA";"CALLE";"V";"8";"";"";"";"";"MADRID";"MADRID";"28016";"NUEVA ESPAÑA";"CHAMARTIN";"443168";"4479132";"40.46091554103502";"-3.670320512563348";"913 532 642 / 913 532 644 / 913 532 646";"";"eielsol@madrid.es";"/contenido/entidadesYorganismos/CentrosEducacion/EscuelasInfantilesPublicas"; 
8226010;"Escuela infantil municipal Escuelas de San Antón";"";"";"Horario ampliado Comedor.";"Bus: 3, 37, 40, 149  Metro: Chueca, Tribunal";"ENSEÑANZA: Educación Infantil (Primer Ciclo)";"0";"http://www.madrid.es/sites/v/index.jsp?vgnextchannel=bfa48ab43d6bb410VgnVCM100000171f5a0aRCRD&vgnextoid=ae3e5438c4e10510VgnVCM1000000b205a0aRCRD";"FARMACIA";"CALLE";"V";"13";"";"";"";"";"MADRID";"MADRID";"28004";"JUSTICIA";"CENTRO";"440722";"4475029";"40.42378301276458";"-3.6987856754744657";"915 325 557";"";"eiesananton@madrid.es";"/contenido/entidadesYorganismos/CentrosEducacion/EscuelasInfantilesPublicas"; 
5633199;"Escuela infantil municipal Fernando el Católico";"";"";"Horario ampliado - Comedor";"METRO: Quevedo BUS: 16, 61, 2, 202";"ENSEÑANZA: Educación infantil (Primer ciclo)";"1";"http://www.madrid.es/sites/v/index.jsp?vgnextchannel=bfa48ab43d6bb410VgnVCM100000171f5a0aRCRD&vgnextoid=f87b0dde9b3b7210VgnVCM2000000c205a0aRCRD";"FERNANDO EL CATOLICO";"CALLE";"V";"16";"";"";"";"";"MADRID";"MADRID";"28015";"ARAPILES";"CHAMBERI";"439802";"4476182";"40.434103689530446";"-3.7097392943348284";"914 456 792";"";"eifernandoelcatolico@madrid.es";"/contenido/entidadesYorganismos/CentrosEducacion/EscuelasInfantilesPublicas"; 
5633259;"Escuela infantil municipal Gigantes y Cabezudos";"";"";"Horario ampliado - Comedor";"METRO: Avenida de La Paz BUS: 53, 9, 72, 73, 120";"ENSEÑANZA: Educación infantil (Primer ciclo)";"0";"http://www.madrid.es/sites/v/index.jsp?vgnextchannel=bfa48ab43d6bb410VgnVCM100000171f5a0aRCRD&vgnextoid=401e0dde9b3b7210VgnVCM2000000c205a0aRCRD";"RAFAEL BERGAMIN";"CALLE";"V";"28";"";"";"";"";"MADRID";"MADRID";"28043";"SAN JUAN BAUTISTA";"CIUDAD LINEAL";"444040";"4477978";"40.450578924722464";"-3.6599344009125048";"696 909 505";"";"eigigantesycabezudos@madrid.es";"/contenido/entidadesYorganismos/CentrosEducacion/EscuelasInfantilesPublicas"; 
58239;"Escuela infantil municipal Hiedra";"";"";"Comedor.";"METRO: Simancas BUS: 38 , 48";"ENSEÑANZA: Educación Infantil (Primer Ciclo)";"0";"http://www.madrid.es/sites/v/index.jsp?vgnextchannel=bfa48ab43d6bb410VgnVCM100000171f5a0aRCRD&vgnextoid=c75e8ed67151c010VgnVCM2000000c205a0aRCRD";"AMPOSTA";"CALLE";"S/N";"34";"";"";"";"";"MADRID";"MADRID";"28037";"ARCOS";"SAN BLAS-CANILLEJAS";"447469";"4474881";"40.42289407876372";"-3.6192425284922436";"913 062 533";"";"eihiedra@madrid.es";"/contenido/entidadesYorganismos/CentrosEducacion/EscuelasInfantilesPublicas"; 
5633447;"Escuela infantil municipal La Alegría de la Huerta";"";"";"Horario ampliado - Comedor Educación de 0 a 3 años";"BUS: 38, 140, 153";"ENSEÑANZA: Educación infantil (Primer ciclo)";"0";"http://www.madrid.es/sites/v/index.jsp?vgnextchannel=bfa48ab43d6bb410VgnVCM100000171f5a0aRCRD&vgnextoid=1dbc1ec1fe3b7210VgnVCM2000000c205a0aRCRD";"HELSINKI";"CALLE";"V";"2";"";"";"";"";"MADRID";"MADRID";"28022";"ROSAS";"SAN BLAS-CANILLEJAS";"448879";"4475042";"40.4244413057318";"-3.602635166157978";"913 241 772";"";"eialegriadelahuerta@madrid.es";"/contenido/entidadesYorganismos/CentrosEducacion/EscuelasInfantilesPublicas"; 
4552960;"Escuela infantil municipal La Brisa";"";"";"";"METRO: Ventilla BUS: 42 , 147";"ENSEÑANZA: Educación infantil (Primer ciclo)";"0";"http://www.madrid.es/sites/v/index.jsp?vgnextchannel=bfa48ab43d6bb410VgnVCM100000171f5a0aRCRD&vgnextoid=d02ac6aa845d1110VgnVCM1000000b205a0aRCRD";"ASTURIAS";"AVENIDA";"V";"72";"";"";"";"";"MADRID";"MADRID";"28029";"ALMENARA";"TETUAN";"440802";"4480530";"40.47333501609979";"-3.698367154592483";"913 449 875";"913 449 875";"eilabrisa@madrid.es";"/contenido/entidadesYorganismos/CentrosEducacion/EscuelasInfantilesPublicas"; 
11184076;"Escuela infantil municipal La Bruja Avería - Lolo Rico";"";"";"Horario ampliado. Comedor.";"METRO: La Latina, Puerta de Toledo, Embajadores, Lavapiés BUS: 17, 18, 23, 35, 41, 60, 148, C1, M1";"ENSEÑANZA: Educación infantil (Primer ciclo)";"0";"http://www.madrid.es/sites/v/index.jsp?vgnextchannel=bfa48ab43d6bb410VgnVCM100000171f5a0aRCRD&vgnextoid=a9b3c5fe2a572710VgnVCM1000001d4a900aRCRD";"RODAS";"CALLE";"V";"20";"";"";"";"";"MADRID";"MADRID";"28005";"EMBAJADORES";"CENTRO";"440063";"4473293";"40.40809923624453";"-3.706383215058181";"914 267 061";"";"eirodas@madrid.es";"/contenido/entidadesYorganismos/CentrosEducacion/EscuelasInfantilesPublicas"; 
5336;"Escuela infantil municipal La Caracola";"";"";"Horario ampliado. Comedor.";"METRO: Begoña BUS: 66 , 124";"ENSEÑANZA: Educación infantil (Primer ciclo)";"0";"http://www.madrid.es/sites/v/index.jsp?vgnextchannel=bfa48ab43d6bb410VgnVCM100000171f5a0aRCRD&vgnextoid=b5dd13db5b71c010VgnVCM1000000b205a0aRCRD";"BELORADO";"CALLE";"V";"1";"";"";"";"";"MADRID";"MADRID";"28034";"VALVERDE";"FUENCARRAL-EL PARDO";"441962";"4482156";"40.48807363495185";"-3.6848207707128635";"913 341 938";"";"eilacaracola@madrid.es";"/contenido/entidadesYorganismos/CentrosEducacion/EscuelasInfantilesPublicas"; 
5632722;"Escuela infantil municipal La Chulapona";"";"";"Educación de 0 a 3 años";"METRO: Alameda de Osuna  BUS: 151, 105, 112, 115";"ENSEÑANZA: Educación infantil (Primer ciclo)";"0";"http://www.madrid.es/sites/v/index.jsp?vgnextchannel=bfa48ab43d6bb410VgnVCM100000171f5a0aRCRD&vgnextoid=457c9b6d163b7210VgnVCM2000000c205a0aRCRD";"BAHIA DE PALMA";"CALLE";"V";"13";"";"";"";"";"MADRID";"MADRID";"28042";"CORRALEJOS";"BARAJAS";"449848";"4479205";"40.4620032082231";"-3.5915414506484753";"913 122 028";"";"eilachulapona@madrid.es";"/contenido/entidadesYorganismos/CentrosEducacion/EscuelasInfantilesPublicas"; 
28783;"Escuela infantil municipal La Colina";"";"";"Horario ampliado. Comedor.";"BUS: 105 , 115";"ENSEÑANZA: Educación infantil (Primer ciclo)";"0";"http://www.madrid.es/sites/v/index.jsp?vgnextchannel=bfa48ab43d6bb410VgnVCM100000171f5a0aRCRD&vgnextoid=5171059cb751c010VgnVCM2000000c205a0aRCRD";"NUESTRA SEÑORA DE ARACELI";"CALLE";"V";"2";"";"";"";"";"MADRID";"MADRID";"28042";"CASCO H.BARAJAS";"BARAJAS";"450935";"4480262";"40.47159015347659";"-3.578814477331226";"913 010 167";"";"eilacolina@madrid.es";"/contenido/entidadesYorganismos/CentrosEducacion/EscuelasInfantilesPublicas"; 
84666;"Escuela infantil municipal La Cornisa";"";"";"Horario ampliado. Comedor. Planes de mejora.";"BUS: 6 , 78 , 79 RENFE: Doce de Octubre";"ENSEÑANZA: Educación Infantil (Primer ciclo)";"0";"http://www.madrid.es/sites/v/index.jsp?vgnextchannel=bfa48ab43d6bb410VgnVCM100000171f5a0aRCRD&vgnextoid=2a56def5ab41c010VgnVCM2000000c205a0aRCRD";"CRISTO DE LA VICTORIA";"CALLE";"V";"23";"";"";"";"";"MADRID";"MADRID";"28026";"ALMENDRALES";"USERA";"440431";"4470302";"40.3811789921249";"-3.7017852385259076";"917 920 520";"";"eilacornisa@madrid.es";"/contenido/entidadesYorganismos/CentrosEducacion/EscuelasInfantilesPublicas"; 
5633276;"Escuela infantil municipal La Corte de Faraón";"";"";"Educación de 0 a 3 años";"METRO: Peñagrande BUS: 42, 46, 126, 128, 132, 137, 774";"ENSEÑANZA: Educación infantil (Primer ciclo)";"0";"http://www.madrid.es/sites/v/index.jsp?vgnextchannel=bfa48ab43d6bb410VgnVCM100000171f5a0aRCRD&vgnextoid=b8210dde9b3b7210VgnVCM2000000c205a0aRCRD";"CHANTADA";"CALLE";"V";"41";"";"";"";"";"MADRID";"MADRID";"28035";"PEÑA GRANDE";"FUENCARRAL-EL PARDO";"439368";"4480509";"40.47304239359628";"-3.715280725332747";"910 596 706";"";"eilacortedefaraon@madrid.es";"/contenido/entidadesYorganismos/CentrosEducacion/EscuelasInfantilesPublicas"; 
5633332;"Escuela infantil municipal La Gran Vía";"";"";"Horario ampliado - Comedor";"METRO: Canillas  BUS: 112, 120, 122, 153, 73";"ENSEÑANZA: Educación infantil (Primer ciclo)";"0";"http://www.madrid.es/sites/v/index.jsp?vgnextchannel=bfa48ab43d6bb410VgnVCM100000171f5a0aRCRD&vgnextoid=60e944dd9d3b7210VgnVCM2000000c205a0aRCRD";"SILVANO";"CALLE";"V";"99";"";"";"";"";"MADRID";"MADRID";"28043";"CANILLAS";"HORTALEZA";"446212";"4479319";"40.462802758823514";"-3.634435221406373";"913 880 412";"";"eilagranvia@madrid.es";"/contenido/entidadesYorganismos/CentrosEducacion/EscuelasInfantilesPublicas"; 
5073;"Escuela infantil municipal La Luna";"";"";"Horario ampliado. Comedor.";"BUS: 59";"ENSEÑANZA: Educación infantil (Primer Ciclo)";"0";"http://www.madrid.es/sites/v/index.jsp?vgnextchannel=bfa48ab43d6bb410VgnVCM100000171f5a0aRCRD&vgnextoid=0cfd13db5b71c010VgnVCM1000000b205a0aRCRD";"BENIMAMET";"CALLE";"V";"109";"";"";"";"";"MADRID";"MADRID";"28021";"SAN CRISTOBAL";"VILLAVERDE";"441798";"4466203";"40.344340447262475";"-3.685296004324213";"915 051 417";"";"eilaluna@madrid.es";"/contenido/entidadesYorganismos/CentrosEducacion/EscuelasInfantilesPublicas"; 
10957922;"Escuela infantil municipal La Melonera";"";"";"Horario ampliado. Comedor.";"METRO: Mendez Álvaro. Arganzuela-Planetario BUS: 148. 156.";"ENSEÑANZA: Educación infantil (Primer ciclo)";"0";"http://www.madrid.es/sites/v/index.jsp?vgnextchannel=bfa48ab43d6bb410VgnVCM100000171f5a0aRCRD&vgnextoid=a86936d08b9ea610VgnVCM2000001f4a900aRCRD";"EROS";"CALLE";"V";"2";"";"";"";"";"MADRID";"MADRID";"28045";"LEGAZPI";"ARGANZUELA";"442243";"4471700";"40.39390298324836";"-3.680551491708351";"910 707 655   /   640 650 071";"";"eilamelonera@madrid.es";"/contenido/entidadesYorganismos/CentrosEducacion/EscuelasInfantilesPublicas"; 
5299025;"Escuela infantil municipal La Oliva";"";"";"";"BUS: 6, 60, 131";"ENSEÑANZA: Educación infantil (Primer Ciclo).";"0";"http://www.madrid.es/sites/v/index.jsp?vgnextchannel=bfa48ab43d6bb410VgnVCM100000171f5a0aRCRD&vgnextoid=5c73d901ede90210VgnVCM1000000b205a0aRCRD";"GAINZA";"CALLE";"V";"46";"";"";"";"";"MADRID";"MADRID";"28041";"ORCASITAS";"USERA";"439279";"4468586";"40.36563722434557";"-3.7151923280205694";"915 357 863";"";"eilaoliva@madrid.es";"/contenido/entidadesYorganismos/CentrosEducacion/EscuelasInfantilesPublicas"; 
5341;"Escuela infantil municipal La Paloma";"";"";"Horario ampliado. Comedor.";"METRO: La Latina BUS: 17 , 18 , 23 , 35 , 60";"ENSEÑANZA: Educación infantil (Primer Ciclo)";"0";"http://www.madrid.es/sites/v/index.jsp?vgnextchannel=bfa48ab43d6bb410VgnVCM100000171f5a0aRCRD&vgnextoid=522e13db5b71c010VgnVCM1000000b205a0aRCRD";"TABERNILLAS";"CALLE";"V";"2";"";"";"";"";"MADRID";"MADRID";"28005";"PALACIO";"CENTRO";"439642";"4473629";"40.4110845196558";"-3.711383150975494";"913 642 491";"";"eilapaloma@madrid.es";"/contenido/entidadesYorganismos/CentrosEducacion/EscuelasInfantilesPublicas"; 
5633158;"Escuela infantil municipal La Patria Chica";"";"";"Educación de 0 a 3 años";"METRO: La Peseta BUS: 35 , 155";"ENSEÑANZA: Educación infantil (Primer ciclo)";"0";"http://www.madrid.es/sites/v/index.jsp?vgnextchannel=bfa48ab43d6bb410VgnVCM100000171f5a0aRCRD&vgnextoid=78e7a529393b7210VgnVCM2000000c205a0aRCRD";"PATRIMONIO DE LA HUMANIDAD";"CALLE";"V";"31";"";"";"";"";"MADRID";"MADRID";"28054";"BUENAVISTA";"CARABANCHEL";"435221";"4468182";"40.36168337750411";"-3.7629430009334297";"915 116  786";"";"eilapatriachica@madrid.es";"/contenido/entidadesYorganismos/CentrosEducacion/EscuelasInfantilesPublicas"; 
5633600;"Escuela infantil municipal La Revoltosa";"";"";"Horario ampliado - Comedor";"METRO: Las Suertes, Valdecarros BUS: 145";"ENSEÑANZA: Educación infantil (Primer ciclo)";"0";"http://www.madrid.es/sites/v/index.jsp?vgnextchannel=bfa48ab43d6bb410VgnVCM100000171f5a0aRCRD&vgnextoid=f4c0999a414b7210VgnVCM2000000c205a0aRCRD";"JOSE ANTONIO REBOLLEDO Y PALMA";"CALLE";"V";"18";"";"";"";"";"MADRID";"MADRID";"28051";"CASCO H.VALLECAS";"VILLA DE VALLECAS";"449997";"4468556";"40.36607876608522";"-3.588947072838845";"914 944 330";"";"eilarevoltosa@madrid.es";"/contenido/entidadesYorganismos/CentrosEducacion/EscuelasInfantilesPublicas"; 
5633294;"Escuela infantil municipal La Rosa del Azafrán";"";"";"Educación de 0 a 3 años";"METRO: Tres Olivos BUS: 66, 137";"ENSEÑANZA: Educación infantil (Primer ciclo)";"0";"http://www.madrid.es/sites/v/index.jsp?vgnextchannel=bfa48ab43d6bb410VgnVCM100000171f5a0aRCRD&vgnextoid=d3670dde9b3b7210VgnVCM2000000c205a0aRCRD";"CUEVA DE MONTESINOS";"CALLE";"V";"2";"";"";"";"";"MADRID";"MADRID";"28034";"VALVERDE";"FUENCARRAL-EL PARDO";"441678";"4483539";"40.50050331171224";"-3.68829881383211";"917 344 966";"";"eilarosadelazafran@madrid.es";"/contenido/entidadesYorganismos/CentrosEducacion/EscuelasInfantilesPublicas"; 
5633382;"Escuela infantil municipal La Verbena de la Paloma";"";"";"Educación de 0 a 3 años";"METRO: Aluche BUS: 17, 117, 155";"ENSEÑANZA: Educación infantil (Primer ciclo)";"0";"http://www.madrid.es/sites/v/index.jsp?vgnextchannel=bfa48ab43d6bb410VgnVCM100000171f5a0aRCRD&vgnextoid=533f44dd9d3b7210VgnVCM2000000c205a0aRCRD";"FUERTE DE NAVIDAD";"CALLE";"V";"17";"";"";"";"";"MADRID";"MADRID";"28044";"LAS AGUILAS";"LATINA";"434972";"4470271";"40.380491665056326";"-3.7660767346972173";"685 08 22 40";"";"eilaverbenalapaloma@madrid.es";"/contenido/entidadesYorganismos/CentrosEducacion/EscuelasInfantilesPublicas"; 
5633456;"Escuela infantil municipal La del Manojo de Rosas";"";"";"Educación de 0 a 3 años";"BUS: 4, 106, 140";"ENSEÑANZA: Educación infantil (Primer ciclo)";"0";"http://www.madrid.es/sites/v/index.jsp?vgnextchannel=bfa48ab43d6bb410VgnVCM100000171f5a0aRCRD&vgnextoid=c49e1ec1fe3b7210VgnVCM2000000c205a0aRCRD";"RAVENA";"CALLE";"V";"12";"";"";"";"";"MADRID";"MADRID";"28032";"ARCOS";"SAN BLAS-CANILLEJAS";"447718";"4474367";"40.41827932953887";"-3.616265188601519";"685 082 224";"";"eiladelmanojoderosas@madrid.es";"/contenido/entidadesYorganismos/CentrosEducacion/EscuelasInfantilesPublicas"; 
5633393;"Escuela infantil municipal La del Soto del Parral";"";"";"Educación de 0 a 3 años";"BUS: 34, 35, 155, 139, 47";"ENSEÑANZA: Educación infantil (Primer ciclo)";"0";"http://www.madrid.es/sites/v/index.jsp?vgnextchannel=bfa48ab43d6bb410VgnVCM100000171f5a0aRCRD&vgnextoid=979344dd9d3b7210VgnVCM2000000c205a0aRCRD";"TROMPAS";"CALLE";"V";"19";"";"";"";"";"MADRID";"MADRID";"28054";"CUATRO VIENTOS";"LATINA";"434786";"4469328";"40.37197319564591";"-3.7681711768688495";"915 084 790";"";"eiladelsotodelparral@madrid.es";"/contenido/entidadesYorganismos/CentrosEducacion/EscuelasInfantilesPublicas"; 
5298904;"Escuela infantil municipal Las Amapolas";"";"";"";"METRO: San Francisco BUS: 47, 118, 121, 131, 155";"ENSEÑANZA: Educación infantil (Primer Ciclo).";"0";"http://www.madrid.es/sites/v/index.jsp?vgnextchannel=bfa48ab43d6bb410VgnVCM100000171f5a0aRCRD&vgnextoid=367e5e391ae90210VgnVCM1000000b205a0aRCRD";"OBOLO";"CALLE";"V";"14";"";"";"";"";"MADRID";"MADRID";"28054";"BUENAVISTA";"CARABANCHEL";"437070";"4469157";"40.370623480071096";"-3.741251804918924";"915 115 338";"";"eilasamapolas@madrid.es";"/contenido/entidadesYorganismos/CentrosEducacion/EscuelasInfantilesPublicas"; 
5299104;"Escuela infantil municipal Las Azaleas";"";"";"";"BUS: 4, 38, 48, 70, 109 METRO: García Noblejas";"ENSEÑANZA: Educación infantil (Primer Ciclo).";"0";"http://www.madrid.es/sites/v/index.jsp?vgnextchannel=bfa48ab43d6bb410VgnVCM100000171f5a0aRCRD&vgnextoid=34cb3ab7e0f90210VgnVCM1000000b205a0aRCRD";"PORTUGALETE";"CALLE";"V";"6";"";"";"";"";"MADRID";"MADRID";"28017";"PUEBLO NUEVO";"CIUDAD LINEAL";"446096";"4475250";"40.42613036374425";"-3.635469776500989";"914 402 088";"";"eilasazaleas@madrid.es";"/contenido/entidadesYorganismos/CentrosEducacion/EscuelasInfantilesPublicas"; 
5633460;"Escuela infantil municipal Las Leandras";"Educación de 0 a 3 años";"";"Horario ampliado - Comedor";"BUS: 77";"ENSEÑANZA: Educación infantil (Primer ciclo)";"0";"http://www.madrid.es/sites/v/index.jsp?vgnextchannel=bfa48ab43d6bb410VgnVCM100000171f5a0aRCRD&vgnextoid=d29f1ec1fe3b7210VgnVCM2000000c205a0aRCRD";"DEYANIRA";"CALLE";"V";"2";"";"";"";"";"MADRID";"MADRID";"28022";"REJAS";"SAN BLAS-CANILLEJAS";"449640";"4477120";"40.443198664211145";"-3.593829229968625";"635 831 634";"";"eilasleandras@madrid.es";"/contenido/entidadesYorganismos/CentrosEducacion/EscuelasInfantilesPublicas"; 
5252132;"Escuela infantil municipal Las Mercedes";"";"";"";"BUS: 77";"ENSEÑANZA: Educación infantil (Primer Ciclo)";"0";"http://www.madrid.es/sites/v/index.jsp?vgnextchannel=bfa48ab43d6bb410VgnVCM100000171f5a0aRCRD&vgnextoid=5ebbdb969ed8f110VgnVCM1000000b205a0aRCRD";"SAMANIEGO";"CALLE";"V";"22";"";"";"";"";"MADRID";"MADRID";"28022";"REJAS";"SAN BLAS-CANILLEJAS";"450779";"4477035";"40.442501078875445";"-3.5804043676101007";"917 470 878";"";"eilasmercedes@madrid.es";"/contenido/entidadesYorganismos/CentrosEducacion/EscuelasInfantilesPublicas"; 
132987;"Escuela infantil municipal Las Nubes";"";"";"Horario ampliado. Comedor.";"METRO: Menéndez Pelayo  BUS: 24 , 37 , 54 , 57 , 102 , 141, 152";"ENSEÑANZA: Educación infantil (Primer ciclo)";"1";"http://www.madrid.es/sites/v/index.jsp?vgnextchannel=bfa48ab43d6bb410VgnVCM100000171f5a0aRCRD&vgnextoid=96b66da0aa81c010VgnVCM1000000b205a0aRCRD";"ANTONIO NEBRIJA";"CALLE";"V";"7";"";"";"";"";"MADRID";"MADRID";"28007";"PACIFICO";"RETIRO";"441938";"4472786";"40.40365358728283";"-3.6842590892111273";"915 012 443";"";"eilasnubes@madrid.es";"/contenido/entidadesYorganismos/CentrosEducacion/EscuelasInfantilesPublicas"; 
10957943;"Escuela infantil municipal Las Pléyades";"";"";"Horario ampliado. Comedor.";"BUS: 171, 174";"ENSEÑANZA: Educación infantil (Primer ciclo)";"0";"http://www.madrid.es/sites/v/index.jsp?vgnextchannel=bfa48ab43d6bb410VgnVCM100000171f5a0aRCRD&vgnextoid=947c36d08b9ea610VgnVCM2000001f4a900aRCRD";"SECUNDINO ZUAZO";"AVENIDA";"V";"34";"";"";"";"";"MADRID";"MADRID";"28055";"VALDEFUENTES";"HORTALEZA";"447428";"4482921";"40.49533034052694";"-3.62038557307297";"91 528 52 61   /   680 51 38 87";"";"eilaspleyades@madrid.es";"/contenido/entidadesYorganismos/CentrosEducacion/EscuelasInfantilesPublicas"; 
132982;"Escuela infantil municipal Las Viñas";"";"";"Horario ampliado. Comedor. Planes de mejora.";"BUS: 160";"ENSEÑANZA: Educación infantil (Primer ciclo)";"0";"http://www.madrid.es/sites/v/index.jsp?vgnextchannel=bfa48ab43d6bb410VgnVCM100000171f5a0aRCRD&vgnextoid=ecd66da0aa81c010VgnVCM1000000b205a0aRCRD";"ESTUDIO";"CALLE";"V";"6";"";"";"";"";"MADRID";"MADRID";"28023";"ARAVACA";"MONCLOA-ARAVACA";"433385";"4479176";"40.460576198420775";"-3.7857037462052063";"913 078 175";"";"eilasvinas@madrid.es";"/contenido/entidadesYorganismos/CentrosEducacion/EscuelasInfantilesPublicas"; 
5633582;"Escuela infantil municipal Los Gavilanes";"";"";"Horario ampliado - Comedor";"METRO: Alvarado, Estrecho BUS: 3, 64, 66, 124, 128, 772";"ENSEÑANZA: Educación infantil (Primer ciclo)";"0";"http://www.madrid.es/sites/v/index.jsp?vgnextchannel=bfa48ab43d6bb410VgnVCM100000171f5a0aRCRD&vgnextoid=9c1d999a414b7210VgnVCM2000000c205a0aRCRD";"TIZIANO";"CALLE";"V";"7";"";"";"";"";"MADRID";"MADRID";"28020";"CUATRO CAMINOS";"TETUAN";"440434";"4478062";"40.4510850477906";"-3.7024647767258325";"915 799 142";"";"eilosgavilanes@madrid.es";"/contenido/entidadesYorganismos/CentrosEducacion/EscuelasInfantilesPublicas"; 
28784;"Escuela infantil municipal Los Juncos";"";"";"Horario ampliado. Comedor.";"BUS: 4 , 100 , 106 , 130";"ENSEÑANZA: Educación infantil (Primer Ciclo)";"0";"http://www.madrid.es/sites/v/index.jsp?vgnextchannel=bfa48ab43d6bb410VgnVCM100000171f5a0aRCRD&vgnextoid=a791059cb751c010VgnVCM2000000c205a0aRCRD";"JUVENTUD";"PLAZA";"V";"7";"";"";"";"";"MADRID";"MADRID";"28032";"AMBROZ";"VICALVARO";"448602";"4473344";"40.40912749404517";"-3.605774962043424";"913 719 837";"";"eilosjuncos@madrid.es";"/contenido/entidadesYorganismos/CentrosEducacion/EscuelasInfantilesPublicas"; 
5340;"Escuela infantil municipal Los Pinos";"";"";"Horario ampliado. Comedor.";"Bus: 59, 79 Metro: San Cristóbal";"ENSEÑANZA: Educación infantil (Primer Ciclo)";"0";"http://www.madrid.es/sites/v/index.jsp?vgnextchannel=bfa48ab43d6bb410VgnVCM100000171f5a0aRCRD&vgnextoid=a84e13db5b71c010VgnVCM1000000b205a0aRCRD";"ROCAFORT";"CALLE";"V";"2";"";"";"";"";"MADRID";"MADRID";"28021";"SAN CRISTOBAL";"VILLAVERDE";"441474";"4466069";"40.34123812234347";"-3.69037444346592";"917 984 611";"";"eilospinos@madrid.es";"/contenido/entidadesYorganismos/CentrosEducacion/EscuelasInfantilesPublicas"; 
5633604;"Escuela infantil municipal Los sobrinos del Capitan Grant";"";"";"Horario ampliado - Comedor";"BUS: 58, 63, 145 METRO: La Gavia, Congosto";"ENSEÑANZA: Educación infantil (Primer ciclo)";"0";"http://www.madrid.es/sites/v/index.jsp?vgnextchannel=bfa48ab43d6bb410VgnVCM100000171f5a0aRCRD&vgnextoid=8692999a414b7210VgnVCM2000000c205a0aRCRD";"LA GAVIA";"AVENIDA";"V";"22";"";"";"";"";"MADRID";"MADRID";"28051";"CASCO H.VALLECAS";"VILLA DE VALLECAS";"448079";"4469404";"40.37360084784636";"-3.611617365195693";"913 852 400";"";"eisobrinoscapitang@madrid.es";"/contenido/entidadesYorganismos/CentrosEducacion/EscuelasInfantilesPublicas"; 
187609;"Escuela infantil municipal Luis Bello";"";"";"";"METRO: Prosperidad BUS: 1, 9, 72, 73";"ENSEÑANZA: Educación Infantil (Primer Ciclo)";"0";"http://www.madrid.es/sites/v/index.jsp?vgnextchannel=bfa48ab43d6bb410VgnVCM100000171f5a0aRCRD&vgnextoid=8a48d2bec675e010VgnVCM1000000b205a0aRCRD";"JUAN BAUTISTA DE TOLEDO";"CALLE";"V";"5";"";"";"";"";"MADRID";"MADRID";"28002";"PROSPERIDAD";"CHAMARTIN";"442845";"4477216";"40.443633085040005";"-3.6739692982111727";"914 132 979";"";"eiluisbello@madrid.es";"/contenido/entidadesYorganismos/CentrosEducacion/EscuelasInfantilesPublicas"; 
5633425;"Escuela infantil municipal Luisa Fernanda";"";"";"Horario ampliado - Comedor";"BUS: 54, 58, 103, 142, 143";"ENSEÑANZA: Educación infantil (Primer ciclo)";"0";"http://www.madrid.es/sites/v/index.jsp?vgnextchannel=bfa48ab43d6bb410VgnVCM100000171f5a0aRCRD&vgnextoid=dbaa1ec1fe3b7210VgnVCM2000000c205a0aRCRD";"COCHERON DE LA VILLA";"CALLE";"V";"29";"";"";"";"";"MADRID";"MADRID";"28031";"PALOMERAS SURESTE";"PUENTE DE VALLECAS";"446016";"4470299";"40.38152351850743";"-3.635992893537739";"913 329 620";"";"eiluisafernanda@madrid.es";"/contenido/entidadesYorganismos/CentrosEducacion/EscuelasInfantilesPublicas"; 
11368108;"Escuela infantil municipal Margarita Salas";"";"";"";"BUS: 10, 56, 156 METRO. Conde de Casal. Pacífico.";"ENSEÑANZA: Educación infantil (Primer ciclo)";"0";"http://www.madrid.es/sites/v/index.jsp?vgnextchannel=bfa48ab43d6bb410VgnVCM100000171f5a0aRCRD&vgnextoid=647fa8d65f0d8710VgnVCM2000001f4a900aRCRD";"CAVANILLES";"CALLE";"V";"58";"";"";"";"";"MADRID";"MADRID";"28007";"PACIFICO";"RETIRO";"442901";"4472858";"40.40438324670531";"-3.6729005068427316";"623 412 950";"";"eicavanilles@madrid.es";"/contenido/entidadesYorganismos/CentrosEducacion/EscuelasInfantilesPublicas"; 
5633596;"Escuela infantil municipal Molinos de Viento";"";"";"Horario ampliado - Comedor";"METRO: Vicálvaro BUS: 4, 106, 100, 130";"ENSEÑANZA: Educación infantil (Primer ciclo)";"0";"http://www.madrid.es/sites/v/index.jsp?vgnextchannel=bfa48ab43d6bb410VgnVCM100000171f5a0aRCRD&vgnextoid=7afe999a414b7210VgnVCM2000000c205a0aRCRD";"FUENTE DE ARRIBA";"CAMINO";"V";"4";"";"";"";"";"MADRID";"MADRID";"28032";"CASCO H.VICALVARO";"VICALVARO";"448245";"4472690";"40.40321377463398";"-3.609917274177793";"917 753 905";"";"eimolinosdeviento@madrid.es";"/contenido/entidadesYorganismos/CentrosEducacion/EscuelasInfantilesPublicas"; 
187607;"Escuela infantil municipal Osa Menor";"";"";"Horario ampliado Comedor";"METRO: Bilbao, Alonso Martínez, Tribunal BUS: 3, 21, 37, 40, 147, 149";"ENSEÑANZA: Educación Infantil (primer ciclo)";"0";"http://www.madrid.es/sites/v/index.jsp?vgnextchannel=bfa48ab43d6bb410VgnVCM100000171f5a0aRCRD&vgnextoid=c328d2bec675e010VgnVCM1000000b205a0aRCRD";"MEJIA LEQUERICA";"CALLE";"NUM";"21";"";"";"";"";"MADRID";"MADRID";"28004";"JUSTICIA";"CENTRO";"440666";"4475502";"40.4280399538175";"-3.699501702258276";"914 472 234";"";"eiosamenor@madrid.es";"/contenido/entidadesYorganismos/CentrosEducacion/EscuelasInfantilesPublicas"; 
11508438;"Escuela infantil municipal Parque de Ingenieros";"";"";"Horario ampliado. Comedor.";"Bus: 22, 76, 86, 130, 131. Metro: Villaverde Bajo Cruce. Renfe: Puente Alcocer";"ENSEÑANZA: Educación infantil (Primer Ciclo)";"0";"http://www.madrid.es/sites/v/index.jsp?vgnextchannel=bfa48ab43d6bb410VgnVCM100000171f5a0aRCRD&vgnextoid=350a001964bcc710VgnVCM1000001d4a900aRCRD";"LA TABERNERA DEL PUERTO";"CALLE";"V";"26";"";"";"";"";"MADRID";"MADRID";"28041";"LOS ANGELES";"VILLAVERDE";"440206";"4467404";"40.355056165686676";"-3.704143611899768";"918 986 144";"";"eiparqueingenieros@madrid.es";"/contenido/entidadesYorganismos/CentrosEducacion/EscuelasInfantilesPublicas"; 
88758;"Escuela infantil municipal Ruiz Jiménez";"";"";"Horario ampliado. Comedor.";"METRO: Diego de León BUS: 1 , 12 , 56 , 69 , 72 , 73 , 115";"ENSEÑANZA: Educación Infantil (Primer ciclo)";"0";"http://www.madrid.es/sites/v/index.jsp?vgnextchannel=bfa48ab43d6bb410VgnVCM100000171f5a0aRCRD&vgnextoid=7086def5ab41c010VgnVCM2000000c205a0aRCRD";"JOSE PICON";"CALLE";"V";"17";"";"";"";"";"MADRID";"MADRID";"28028";"GUINDALERA";"SALAMANCA";"442973";"4476267";"40.435092812438825";"-3.672374874199507";"910 590 901";"";"eiruizjimenez@madrid.es";"/contenido/entidadesYorganismos/CentrosEducacion/EscuelasInfantilesPublicas"; 
168220;"Escuela infantil municipal Tarabilla";"";"";"Horario ampliado. Comedor.";"BUS: 4 , 28 , 38 , 48 , 70 , 105";"ENSEÑANZA: Educación Infantil (Primer ciclo)  Curso 2014-2015: Dirección de la escuela infantil calle Albarracín número 31 (Distrito San Blas-Canillejas) Curso 2015-2016: calle Gandhi número 14 (Distrito Ciudad Lineal)";"0";"http://www.madrid.es/sites/v/index.jsp?vgnextchannel=bfa48ab43d6bb410VgnVCM100000171f5a0aRCRD&vgnextoid=615ce0e1f181c010VgnVCM1000000b205a0aRCRD";"GANDHI";"CALLE";"V";"14";"";"";"";"";"MADRID";"MADRID";"28017";"PUEBLO NUEVO";"CIUDAD LINEAL";"446245";"4475186";"40.42369169272075";"-3.6349635101992215";"913 047 164";"913 047 164";"eilatarabilla@madrid.es";"/contenido/entidadesYorganismos/CentrosEducacion/EscuelasInfantilesPublicas"; 
4552561;"Escuela infantil municipal VeoVeo";"";"";"Horario ampliado - Comedor";"BUS: 11, 53, 122";"ENSEÑANZA: Educación Infantil (Primer Ciclo)";"0";"http://www.madrid.es/sites/v/index.jsp?vgnextchannel=bfa48ab43d6bb410VgnVCM100000171f5a0aRCRD&vgnextoid=8893f0d5edbb1110VgnVCM1000000b205a0aRCRD";"CONDESA DE VENADITO";"CALLE";"V";"3";"";"";"";"";"MADRID";"MADRID";"28027";"SAN PASCUAL";"CIUDAD LINEAL";"444425";"4477257";"40.44410961610912";"-3.6553313008969353";"910 596 679";"";"eiveoveo@madrid.es";"/contenido/entidadesYorganismos/CentrosEducacion/EscuelasInfantilesPublicas";